{"cameraMode":{"drawMode":0,"name":"Shaded","section":"Shading Mode"},"sceneLighting":true,"audioPlay":false,"sceneViewState":{"m_AlwaysRefresh":false,"showFog":true,"showSkybox":true,"showFlares":true,"showImageEffects":true,"showParticleSystems":true,"showVisualEffectGraphs":true,"m_FxEnabled":false},"in2DMode":false,"pivot":{"x":56.73313903808594,"y":-1.3440887928009034,"z":48.16318130493164},"rotation":{"x":0.12452643364667893,"y":0.38548728823661806,"z":-0.052622802555561069,"w":0.9127942323684692},"size":23.559358596801759,"orthographic":true}